MSCW,Area,Module,Feature,Task,Profile,MinDays,RealDays,MaxDays,Contingency,EstimatedDays,EstimatedPrice,potential_issues
1 Must Have,01 Analyze & Design,Overall,Technical Analysis,Gather requirements for frontend UI design,1 Analyst,2,3,4,I don't know what this feature means -HS,4,800,"['Changes in requirements', 'Lack of clarity in requirements']"
1 Must Have,03 Setup,Infra,Setup Environment + Azure,"Set up development, testing, and production environments in Azure",2 Consultant Technical,2,3,4,I don't know what this feature means -HS,4,800,"['Configuring environments', 'Integration issues with other systems']"
1 Must Have,04 Development,Frontend,User Interface (UI),Create property listing UI with search and filter functionality,0 Blended FE dev,4,5,6,I don't know what this feature means -HS,6,1200,"['Integration with backend APIs', 'Performance issues with large datasets']"
1 Must Have,04 Development,Frontend,User Interface (UI),Implement user authentication and profile management UI,0 Blended FE dev,3,4,5,I don't know what this feature means -HS,5,1000,"['Security concerns with user data', 'Complexity of user authentication flow']"
1 Must Have,04 Development,Middleware,Authentication & Authorizations,Implement secure user authentication and authorization system,0 Blended MW dev,4,5,6,I don't know what this feature means -HS,6,1200,"['Security vulnerabilities', 'Integration with frontend UI']"
2 Should Have,04 Development,Middleware,Filtering / search,Implement advanced search and filtering options for property listings,0 Blended MW dev,3,4,5,I don't know what this feature means -HS,5,1000,"['Performance issues with complex search queries', 'Integration with database']"
2 Should Have,04 Development,Middleware,Notifications,Implement user notification system for new listings and viewing confirmations,0 Blended MW dev,2,3,4,I don't know what this feature means -HS,4,800,"['Integration with frontend UI', 'Notification delivery reliability']"
3 Could Have,04 Development,Middleware,Monitoring,Implement monitoring and analytics system for user engagement metrics,0 Blended MW dev,3,4,5,I don't know what this feature means -HS,5,1000,"['Complexity of data analytics', 'Integration with database']"
3 Could Have,04 Development,Middleware,Settings,Implement user settings functionality for profile and notification preferences,0 Blended MW dev,2,3,4,I don't know what this feature means -HS,4,800,"['Integration with frontend UI', 'Security concerns with user data']"
3 Could Have,04 Development,Security,Security Review,Conduct security review and penetration testing of the platform,2 Consultant Technical,4,5,6,I don't know what this feature means -HS,7,1400,"['Identification of vulnerabilities', 'Integration with existing security systems']"
